x,y,z,zrotation,SARwb
-1,0,-2,180,0.00183
-1,0,-1.35,180,0.00144
-1,0,-0.75,180,0.00182
-1,0,-0.3,180,0.00301
-1,0,0,180,0.0032
-1,0,0.3,180,0.00275
-1,0,0.75,180,0.002
-1,0,1.35,180,0.002
-1,0,2,180,0.00252
-1,0.1,-2,174.29,0.00183
-1,0.1,-1.35,174.29,0.00144
-1,0.1,-0.75,174.29,0.00176
-1,0.1,-0.3,174.29,0.00288
-1,0.1,0,174.29,0.00305
-1,0.1,0.3,174.29,0.00262
-1,0.1,0.75,174.29,0.00194
-1,0.1,1.35,174.29,0.00201
-1,0.1,2,174.29,0.00253
-1,0.2,-2,168.69,0.00186
-1,0.2,-1.35,168.69,0.00146
-1,0.2,-0.75,168.69,0.0016
-1,0.2,-0.3,168.69,0.00252
-1,0.2,0,168.69,0.00264
-1,0.2,0.3,168.69,0.00228
-1,0.2,0.75,168.69,0.0018
-1,0.2,1.35,168.69,0.00202
-1,0.2,2,168.69,0.00256
-1,0.36,-2,160.2,0.00191
-1,0.36,-1.35,160.2,0.00151
-1,0.36,-0.75,160.2,0.00128
-1,0.36,-0.3,160.2,0.00171
-1,0.36,0,160.2,0.00173
-1,0.36,0.3,160.2,0.00155
-1,0.36,0.75,160.2,0.00153
-1,0.36,1.35,160.2,0.00207
-1,0.36,2,160.2,0.00262
-1,0.6,-2,149.04,0.00198
-1,0.6,-1.35,149.04,0.00161
-1,0.6,-0.75,149.04,0.00103
-1,0.6,-0.3,149.04,0.00088
-1,0.6,0,149.04,0.00086
-1,0.6,0.3,149.04,0.00092
-1,0.6,0.75,149.04,0.00132
-1,0.6,1.35,149.04,0.00218
-1,0.6,2,149.04,0.00271
-1,0.9,-2,138.01,0.00198
-1,0.9,-1.35,138.01,0.00169
-1,0.9,-0.75,138.01,0.00111
-1,0.9,-0.3,138.01,0.0008
-1,0.9,0,138.01,0.00077
-1,0.9,0.3,138.01,0.00092
-1,0.9,0.75,138.01,0.00143
-1,0.9,1.35,138.01,0.00229
-1,0.9,2,138.01,0.00272
-1,1.4,-2,125.54,0.00166
-1,1.4,-1.35,125.54,0.00152
-1,1.4,-0.75,125.54,0.00124
-1,1.4,-0.3,125.54,0.00107
-1,1.4,0,125.54,0.00108
-1,1.4,0.3,125.54,0.00121
-1,1.4,0.75,125.54,0.00157
-1,1.4,1.35,125.54,0.00211
-1,1.4,2,125.54,0.00237
-1,2,-2,116.57,0.0011
-1,2,-1.35,116.57,0.001
-1,2,-0.75,116.57,0.00087
-1,2,-0.3,116.57,0.00082
-1,2,0,116.57,0.00084
-1,2,0.3,116.57,0.00094
-1,2,0.75,116.57,0.00114
-1,2,1.35,116.57,0.00146
-1,2,2,116.57,0.00164
-0.5,0,-2,180,0.00367
-0.5,0,-1.35,180,0.004
-0.5,0,-0.75,180,0.00448
-0.5,0,-0.3,180,0.00653
-0.5,0,0,180,0.00676
-0.5,0,0.3,180,0.00592
-0.5,0,0.75,180,0.00615
-0.5,0,1.35,180,0.00589
-0.5,0,2,180,0.0055
-0.5,0.1,-2,168.69,0.0037
-0.5,0.1,-1.35,168.69,0.00409
-0.5,0.1,-0.75,168.69,0.00435
-0.5,0.1,-0.3,168.69,0.00613
-0.5,0.1,0,168.69,0.00624
-0.5,0.1,0.3,168.69,0.00543
-0.5,0.1,0.75,168.69,0.006
-0.5,0.1,1.35,168.69,0.00599
-0.5,0.1,2,168.69,0.0055
-0.5,0.2,-2,158.2,0.00376
-0.5,0.2,-1.35,158.2,0.00433
-0.5,0.2,-0.75,158.2,0.00411
-0.5,0.2,-0.3,158.2,0.00507
-0.5,0.2,0,158.2,0.00496
-0.5,0.2,0.3,158.2,0.00446
-0.5,0.2,0.75,158.2,0.00572
-0.5,0.2,1.35,158.2,0.00622
-0.5,0.2,2,158.2,0.00551
-0.5,0.36,-2,144.25,0.00387
-0.5,0.36,-1.35,144.25,0.00472
-0.5,0.36,-0.75,144.25,0.00399
-0.5,0.36,-0.3,144.25,0.00354
-0.5,0.36,0,144.25,0.00339
-0.5,0.36,0.3,144.25,0.00372
-0.5,0.36,0.75,144.25,0.00556
-0.5,0.36,1.35,144.25,0.00667
-0.5,0.36,2,144.25,0.00551
-0.5,0.6,-2,129.81,0.00387
-0.5,0.6,-1.35,129.81,0.00492
-0.5,0.6,-0.75,129.81,0.00416
-0.5,0.6,-0.3,129.81,0.00324
-0.5,0.6,0,129.81,0.00318
-0.5,0.6,0.3,129.81,0.00385
-0.5,0.6,0.75,129.81,0.00566
-0.5,0.6,1.35,129.81,0.00682
-0.5,0.6,2,129.81,0.0053
-0.5,0.9,-2,119.05,0.00339
-0.5,0.9,-1.35,119.05,0.00418
-0.5,0.9,-0.75,119.05,0.00375
-0.5,0.9,-0.3,119.05,0.00328
-0.5,0.9,0,119.05,0.00332
-0.5,0.9,0.3,119.05,0.00384
-0.5,0.9,0.75,119.05,0.00505
-0.5,0.9,1.35,119.05,0.00588
-0.5,0.9,2,119.05,0.00467
-0.5,1.4,-2,109.65,0.00214
-0.5,1.4,-1.35,109.65,0.00233
-0.5,1.4,-0.75,109.65,0.00202
-0.5,1.4,-0.3,109.65,0.00184
-0.5,1.4,0,109.65,0.00189
-0.5,1.4,0.3,109.65,0.00218
-0.5,1.4,0.75,109.65,0.00282
-0.5,1.4,1.35,109.65,0.00347
-0.5,1.4,2,109.65,0.00314
-0.5,2,-2,104.04,0.00104
-0.5,2,-1.35,104.04,0.00093
-0.5,2,-0.75,104.04,0.00072
-0.5,2,-0.3,104.04,0.00062
-0.5,2,0,104.04,0.00066
-0.5,2,0.3,104.04,0.0008
-0.5,2,0.75,104.04,0.00112
-0.5,2,1.35,104.04,0.00156
-0.5,2,2,104.04,0.0017
-0.2,0,-2,180,0.00512
-0.2,0,-1.35,180,0.00895
-0.2,0,-0.75,180,0.01057
-0.2,0,-0.3,180,0.01516
-0.2,0,0,180,0.01664
-0.2,0,0.3,180,0.01379
-0.2,0,0.75,180,0.01675
-0.2,0,1.35,180,0.01353
-0.2,0,2,180,0.00807
-0.2,0.1,-2,153.43,0.00511
-0.2,0.1,-1.35,153.43,0.00936
-0.2,0.1,-0.75,153.43,0.01144
-0.2,0.1,-0.3,153.43,0.01518
-0.2,0.1,0,153.43,0.01684
-0.2,0.1,0.3,153.43,0.01524
-0.2,0.1,0.75,153.43,0.01847
-0.2,0.1,1.35,153.43,0.01379
-0.2,0.1,2,153.43,0.00792
-0.2,0.2,-2,135,0.00508
-0.2,0.2,-1.35,135,0.0099
-0.2,0.2,-0.75,135,0.01236
-0.2,0.2,-0.3,135,0.015
-0.2,0.2,0,135,0.01686
-0.2,0.2,0.3,135,0.01766
-0.2,0.2,0.75,135,0.01928
-0.2,0.2,1.35,135,0.01413
-0.2,0.2,2,135,0.0076
-0.2,0.36,-2,119.05,0.00492
-0.2,0.36,-1.35,119.05,0.00984
-0.2,0.36,-0.75,119.05,0.0128
-0.2,0.36,-0.3,119.05,0.01372
-0.2,0.36,0,119.05,0.01521
-0.2,0.36,0.3,119.05,0.0164
-0.2,0.36,0.75,119.05,0.01787
-0.2,0.36,1.35,119.05,0.01377
-0.2,0.36,2,119.05,0.00704
-0.2,0.6,-2,108.43,0.00442
-0.2,0.6,-1.35,108.43,0.00833
-0.2,0.6,-0.75,108.43,0.00971
-0.2,0.6,-0.3,108.43,0.00972
-0.2,0.6,0,108.43,0.01059
-0.2,0.6,0.3,108.43,0.01177
-0.2,0.6,0.75,108.43,0.01344
-0.2,0.6,1.35,108.43,0.0113
-0.2,0.6,2,108.43,0.00619
-0.2,0.9,-2,102.53,0.00352
-0.2,0.9,-1.35,102.53,0.00528
-0.2,0.9,-0.75,102.53,0.0053
-0.2,0.9,-0.3,102.53,0.00495
-0.2,0.9,0,102.53,0.00529
-0.2,0.9,0.3,102.53,0.006
-0.2,0.9,0.75,102.53,0.00756
-0.2,0.9,1.35,102.53,0.00745
-0.2,0.9,2,102.53,0.00489
-0.2,1.4,-2,98.13,0.00196
-0.2,1.4,-1.35,98.13,0.00209
-0.2,1.4,-0.75,98.13,0.00157
-0.2,1.4,-0.3,98.13,0.00131
-0.2,1.4,0,98.13,0.00137
-0.2,1.4,0.3,98.13,0.00174
-0.2,1.4,0.75,98.13,0.0026
-0.2,1.4,1.35,98.13,0.00337
-0.2,1.4,2,98.13,0.00294
-0.2,2,-2,95.71,0.00087
-0.2,2,-1.35,95.71,0.00069
-0.2,2,-0.75,95.71,0.0004
-0.2,2,-0.3,95.71,0.00029
-0.2,2,0,95.71,0.00033
-0.2,2,0.3,95.71,0.00048
-0.2,2,0.75,95.71,0.00084
-0.2,2,1.35,95.71,0.00133
-0.2,2,2,95.71,0.00152
0,0.1,-2,90,0.00526
0,0.1,-1.35,90,0.0175
0,0.1,-0.75,90,0.10099
0,0.1,-0.3,90,0.34121
0,0.1,0,90,0.37251
0,0.1,0.3,90,0.22552
0,0.1,0.75,90,0
0,0.1,1.35,90,0.02801
0,0.1,2,90,0.00839
0,0.2,-2,90,0.00518
0,0.2,-1.35,90,0.01628
0,0.2,-0.75,90,0.04979
0,0.2,-0.3,90,0.11294
0,0.2,0,90,0.11597
0,0.2,0.3,90,0.0939
0,0.2,0.75,90,0.09036
0,0.2,1.35,90,0.02385
0,0.2,2,90,0.008
0,0.36,-2,90,0.00497
0,0.36,-1.35,90,0.01373
0,0.36,-0.75,90,0.02756
0,0.36,-0.3,90,0.0386
0,0.36,0,90,0.04261
0,0.36,0.3,90,0.04632
0,0.36,0.75,90,0.03226
0,0.36,1.35,90,0.01896
0,0.36,2,90,0.00719
0,0.6,-2,90,0.00441
0,0.6,-1.35,90,0.00945
0,0.6,-0.75,90,0.01263
0,0.6,-0.3,90,0.01351
0,0.6,0,90,0.01514
0,0.6,0.3,90,0.01688
0,0.6,0.75,90,0.01655
0,0.6,1.35,90,0.01247
0,0.6,2,90,0.00618
0,0.9,-2,90,0.00351
0,0.9,-1.35,90,0.00526
0,0.9,-0.75,90,0.00496
0,0.9,-0.3,90,0.00423
0,0.9,0,90,0.0047
0,0.9,0.3,90,0.00561
0,0.9,0.75,90,0.00751
0,0.9,1.35,90,0.00735
0,0.9,2,90,0.00481
0,1.4,-2,90,0.00197
0,1.4,-1.35,90,0.00194
0,1.4,-0.75,90,0.00123
0,1.4,-0.3,90,0.00086
0,1.4,0,90,0.00092
0,1.4,0.3,90,0.00132
0,1.4,0.75,90,0.00231
0,1.4,1.35,90,0.00322
0,1.4,2,90,0.00292
0,2,-2,90,0.00092
0,2,-1.35,90,0.00067
0,2,-0.75,90,0.00033
0,2,-0.3,90,0.0002
0,2,0,90,0.00023
0,2,0.3,90,0.00039
0,2,0.75,90,0.00077
0,2,1.35,90,0.00131
0,2,2,90,0.00157
0.25,0.1,-2,90,0.00685
0.25,0.1,-1.35,90,0.02242
0.25,0.1,-0.75,90,0.25606
0.25,0.1,-0.3,90,0.6122
0.25,0.1,0,90,0.61465
0.25,0.1,0.3,90,0.39934
0.25,0.1,0.75,90,0
0.25,0.1,1.35,90,0.03743
0.25,0.1,2,90,0.01028
0.25,0.2,-2,90,0.00679
0.25,0.2,-1.35,90,0.02095
0.25,0.2,-0.75,90,0.10643
0.25,0.2,-0.3,90,0.22795
0.25,0.2,0,90,0.23341
0.25,0.2,0.3,90,0.18266
0.25,0.2,0.75,90,0.20182
0.25,0.2,1.35,90,0.03213
0.25,0.2,2,90,0.00994
0.25,0.36,-2,90,0.0066
0.25,0.36,-1.35,90,0.01785
0.25,0.36,-0.75,90,0.04885
0.25,0.36,-0.3,90,0.07426
0.25,0.36,0,90,0.07631
0.25,0.36,0.3,90,0.07492
0.25,0.36,0.75,90,0.05572
0.25,0.36,1.35,90,0.0246
0.25,0.36,2,90,0.0091
0.25,0.6,-2,90,0.00599
0.25,0.6,-1.35,90,0.01249
0.25,0.6,-0.75,90,0.01908
0.25,0.6,-0.3,90,0.02087
0.25,0.6,0,90,0.02196
0.25,0.6,0.3,90,0.02371
0.25,0.6,0.75,90,0.0227
0.25,0.6,1.35,90,0.01575
0.25,0.6,2,90,0.00791
0.25,0.9,-2,90,0.00486
0.25,0.9,-1.35,90,0.00728
0.25,0.9,-0.75,90,0.00726
0.25,0.9,-0.3,90,0.00613
0.25,0.9,0,90,0.0064
0.25,0.9,0.3,90,0.00748
0.25,0.9,0.75,90,0.00975
0.25,0.9,1.35,90,0.00933
0.25,0.9,2,90,0.00625
0.25,1.4,-2,90,0.00282
0.25,1.4,-1.35,90,0.00283
0.25,1.4,-0.75,90,0.00194
0.25,1.4,-0.3,90,0.00136
0.25,1.4,0,90,0.00137
0.25,1.4,0.3,90,0.00182
0.25,1.4,0.75,90,0.00301
0.25,1.4,1.35,90,0.00416
0.25,1.4,2,90,0.00382
0.25,2,-2,90,0.00134
0.25,2,-1.35,90,0.00103
0.25,2,-0.75,90,0.00057
0.25,2,-0.3,90,0.00036
0.25,2,0,90,0.00037
0.25,2,0.3,90,0.00055
0.25,2,0.75,90,0.00102
0.25,2,1.35,90,0.0017
0.25,2,2,90,0.00204
0.5,0,-2,0,0.01354
0.5,0,-1.35,0,0.03559
0.5,0,-0.75,0,0.38399
0.5,0,-0.3,0,0.74074
0.5,0,0,0,0.79061
0.5,0,0.3,0,0.59907
0.5,0,0.75,0,0
0.5,0,1.35,0,0.04651
0.5,0,2,0,0.01837
0.5,0.1,-2,77.05,0.01224
0.5,0.1,-1.35,77.05,0.0349
0.5,0.1,-0.75,77.05,0.25794
0.5,0.1,-0.3,77.05,0.526
0.5,0.1,0,77.05,0.50686
0.5,0.1,0.3,77.05,0.33362
0.5,0.1,0.75,77.05,0
0.5,0.1,1.35,77.05,0.04482
0.5,0.1,2,77.05,0.01634
0.5,0.2,-2,83.44,0.01192
0.5,0.2,-1.35,83.44,0.03314
0.5,0.2,-0.75,83.44,0.12277
0.5,0.2,-0.3,83.44,0.25903
0.5,0.2,0,83.44,0.25262
0.5,0.2,0.3,83.44,0.18378
0.5,0.2,0.75,83.44,0.19836
0.5,0.2,1.35,83.44,0.04181
0.5,0.2,2,83.44,0.01573
0.5,0.36,-2,86.34,0.01145
0.5,0.36,-1.35,86.34,0.02947
0.5,0.36,-0.75,86.34,0.06311
0.5,0.36,-0.3,86.34,0.09824
0.5,0.36,0,86.34,0.10042
0.5,0.36,0.3,86.34,0.09022
0.5,0.36,0.75,86.34,0.0765
0.5,0.36,1.35,86.34,0.03634
0.5,0.36,2,86.34,0.01463
0.5,0.6,-2,87.8,0.01032
0.5,0.6,-1.35,87.8,0.02175
0.5,0.6,-0.75,87.8,0.03115
0.5,0.6,-0.3,87.8,0.03677
0.5,0.6,0,87.8,0.0387
0.5,0.6,0.3,87.8,0.03818
0.5,0.6,0.75,87.8,0.03579
0.5,0.6,1.35,87.8,0.0257
0.5,0.6,2,87.8,0.01279
0.5,0.9,-2,88.54,0.00828
0.5,0.9,-1.35,88.54,0.01307
0.5,0.9,-0.75,88.54,0.0141
0.5,0.9,-0.3,88.54,0.01352
0.5,0.9,0,88.54,0.01389
0.5,0.9,0.3,88.54,0.01457
0.5,0.9,0.75,88.54,0.0163
0.5,0.9,1.35,88.54,0.01542
0.5,0.9,2,88.54,0.01002
0.5,1.4,-2,89.06,0.00473
0.5,1.4,-1.35,89.06,0.00521
0.5,1.4,-0.75,89.06,0.00412
0.5,1.4,-0.3,89.06,0.00331
0.5,1.4,0,89.06,0.0032
0.5,1.4,0.3,89.06,0.00371
0.5,1.4,0.75,89.06,0.00517
0.5,1.4,1.35,89.06,0.00665
0.5,1.4,2,89.06,0.0059
0.5,2,-2,89.34,0.00221
0.5,2,-1.35,89.34,0.00188
0.5,2,-0.75,89.34,0.00122
0.5,2,-0.3,89.34,0.00085
0.5,2,0,89.34,0.00082
0.5,2,0.3,89.34,0.00104
0.5,2,0.75,89.34,0.00167
0.5,2,1.35,89.34,0.00261
0.5,2,2,89.34,0.00301
0.8,0,-2,0,0.0137
0.8,0,-1.35,0,0.02156
0.8,0,-0.75,0,0.24038
0.8,0,-0.3,0,0.57514
0.8,0,0,0,0.57296
0.8,0,0.3,0,0.40727
0.8,0,0.75,0,0.23575
0.8,0,1.35,0,0.0269
0.8,0,2,0,0.01786
0.8,0.1,-2,17.2,0.01386
0.8,0.1,-1.35,17.2,0.02182
0.8,0.1,-0.75,17.2,0.21417
0.8,0.1,-0.3,17.2,0.50521
0.8,0.1,0,17.2,0.50429
0.8,0.1,0.3,17.2,0.36018
0.8,0.1,0.75,17.2,0.21193
0.8,0.1,1.35,17.2,0.02752
0.8,0.1,2,17.2,0.01786
0.8,0.2,-2,31.77,0.01417
0.8,0.2,-1.35,31.77,0.02228
0.8,0.2,-0.75,31.77,0.15651
0.8,0.2,-0.3,31.77,0.35868
0.8,0.2,0,31.77,0.35715
0.8,0.2,0.3,31.77,0.25568
0.8,0.2,0.75,31.77,0.15673
0.8,0.2,1.35,31.77,0.02846
0.8,0.2,2,31.77,0.01782
0.8,0.36,-2,48.1,0.01445
0.8,0.36,-1.35,48.1,0.02253
0.8,0.36,-0.75,48.1,0.07743
0.8,0.36,-0.3,48.1,0.15348
0.8,0.36,0,48.1,0.15063
0.8,0.36,0.3,48.1,0.11584
0.8,0.36,0.75,48.1,0.07734
0.8,0.36,1.35,48.1,0.02832
0.8,0.36,2,48.1,0.01756
0.8,0.6,-2,61.7,0.01382
0.8,0.6,-1.35,61.7,0.02075
0.8,0.6,-0.75,61.7,0.03112
0.8,0.6,-0.3,61.7,0.04205
0.8,0.6,0,61.7,0.04088
0.8,0.6,0.3,61.7,0.03631
0.8,0.6,0.75,61.7,0.03209
0.8,0.6,1.35,61.7,0.025
0.8,0.6,2,61.7,0.01645
0.8,0.9,-2,70.26,0.0117
0.8,0.9,-1.35,70.26,0.01581
0.8,0.9,-0.75,70.26,0.01676
0.8,0.9,-0.3,70.26,0.01657
0.8,0.9,0,70.26,0.0163
0.8,0.9,0.3,70.26,0.01676
0.8,0.9,0.75,70.26,0.0183
0.8,0.9,1.35,70.26,0.01869
0.8,0.9,2,70.26,0.0138
0.8,1.4,-2,77.01,0.0072
0.8,1.4,-1.35,77.01,0.008
0.8,1.4,-0.75,77.01,0.00694
0.8,1.4,-0.3,77.01,0.00609
0.8,1.4,0,77.01,0.00588
0.8,1.4,0.3,77.01,0.0064
0.8,1.4,0.75,77.01,0.00791
0.8,1.4,1.35,77.01,0.0096
0.8,1.4,2,77.01,0.00864
0.8,2,-2,80.83,0.00354
0.8,2,-1.35,80.83,0.00321
0.8,2,-0.75,80.83,0.0024
0.8,2,-0.3,80.83,0.0019
0.8,2,0,80.83,0.00183
0.8,2,0.3,80.83,0.00209
0.8,2,0.75,80.83,0.00286
0.8,2,1.35,80.83,0.00403
0.8,2,2,80.83,0.00448
1.3,0,-2,0,0.0068
1.3,0,-1.35,0,0.02953
1.3,0,-0.75,0,0.16752
1.3,0,-0.3,0,0.30611
1.3,0,0,0,0.31767
1.3,0,0.3,0,0.26021
1.3,0,0.75,0,0.13927
1.3,0,1.35,0,0.03132
1.3,0,2,0,0.00849
1.3,0.1,-2,6.93,0.00683
1.3,0.1,-1.35,6.93,0.02882
1.3,0.1,-0.75,6.93,0.1616
1.3,0.1,-0.3,6.93,0.29396
1.3,0.1,0,6.93,0.3046
1.3,0.1,0.3,6.93,0.25009
1.3,0.1,0.75,6.93,0.13447
1.3,0.1,1.35,6.93,0.03054
1.3,0.1,2,6.93,0.00852
1.3,0.2,-2,13.66,0.0069
1.3,0.2,-1.35,13.66,0.02683
1.3,0.2,-0.75,13.66,0.14528
1.3,0.2,-0.3,13.66,0.26108
1.3,0.2,0,13.66,0.26995
1.3,0.2,0.3,13.66,0.22322
1.3,0.2,0.75,13.66,0.12126
1.3,0.2,1.35,13.66,0.02836
1.3,0.2,2,13.66,0.00858
1.3,0.36,-2,23.63,0.00706
1.3,0.36,-1.35,23.63,0.02189
1.3,0.36,-0.75,23.63,0.10722
1.3,0.36,-0.3,23.63,0.18773
1.3,0.36,0,23.63,0.1947
1.3,0.36,0.3,23.63,0.16349
1.3,0.36,0.75,23.63,0.09013
1.3,0.36,1.35,23.63,0.02308
1.3,0.36,2,23.63,0.00873
1.3,0.6,-2,36.09,0.00728
1.3,0.6,-1.35,36.09,0.01419
1.3,0.6,-0.75,36.09,0.05308
1.3,0.6,-0.3,36.09,0.08772
1.3,0.6,0,36.09,0.09102
1.3,0.6,0.3,36.09,0.07797
1.3,0.6,0.75,36.09,0.04431
1.3,0.6,1.35,36.09,0.01506
1.3,0.6,2,36.09,0.00889
1.3,0.9,-2,47.56,0.00724
1.3,0.9,-1.35,47.56,0.00859
1.3,0.9,-0.75,47.56,0.01754
1.3,0.9,-0.3,47.56,0.0251
1.3,0.9,0,47.56,0.02567
1.3,0.9,0.3,47.56,0.02279
1.3,0.9,0.75,47.56,0.01526
1.3,0.9,1.35,47.56,0.00948
1.3,0.9,2,47.56,0.00875
1.3,1.4,-2,59.55,0.00616
1.3,1.4,-1.35,59.55,0.00567
1.3,1.4,-0.75,59.55,0.00522
1.3,1.4,-0.3,59.55,0.00503
1.3,1.4,0,59.55,0.00498
1.3,1.4,0.3,59.55,0.00512
1.3,1.4,0.75,59.55,0.00553
1.3,1.4,1.35,59.55,0.00665
1.3,1.4,2,59.55,0.00744
1.3,2,-2,67.63,0.00412
1.3,2,-1.35,67.63,0.00364
1.3,2,-0.75,67.63,0.00303
1.3,2,-0.3,67.63,0.00267
1.3,2,0,67.63,0.00265
1.3,2,0.3,67.63,0.00284
1.3,2,0.75,67.63,0.0034
1.3,2,1.35,67.63,0.00436
1.3,2,2,67.63,0.00504
1.9,0,-2,0,0.00848
1.9,0,-1.35,0,0.04102
1.9,0,-0.75,0,0.11441
1.9,0,-0.3,0,0.16187
1.9,0,0,0,0.16913
1.9,0,0.3,0,0.15479
1.9,0,0.75,0,0.10145
1.9,0,1.35,0,0.03832
1.9,0,2,0,0.00875
1.9,0.1,-2,4.02,0.0084
1.9,0.1,-1.35,4.02,0.04049
1.9,0.1,-0.75,4.02,0.11279
1.9,0.1,-0.3,4.02,0.15963
1.9,0.1,0,4.02,0.1668
1.9,0.1,0.3,4.02,0.15257
1.9,0.1,0.75,4.02,0.09993
1.9,0.1,1.35,4.02,0.0378
1.9,0.1,2,4.02,0.00867
1.9,0.2,-2,8,0.00817
1.9,0.2,-1.35,8,0.03892
1.9,0.2,-0.75,8,0.10804
1.9,0.2,-0.3,8,0.15303
1.9,0.2,0,8,0.15985
1.9,0.2,0.3,8,0.14591
1.9,0.2,0.75,8,0.09547
1.9,0.2,1.35,8,0.0363
1.9,0.2,2,8,0.00844
1.9,0.36,-2,14.2,0.00753
1.9,0.36,-1.35,14.2,0.03459
1.9,0.36,-0.75,14.2,0.09492
1.9,0.36,-0.3,14.2,0.13425
1.9,0.36,0,14.2,0.13974
1.9,0.36,0.3,14.2,0.12675
1.9,0.36,0.75,14.2,0.08332
1.9,0.36,1.35,14.2,0.03218
1.9,0.36,2,14.2,0.00781
1.9,0.6,-2,22.86,0.00621
1.9,0.6,-1.35,22.86,0.02566
1.9,0.6,-0.75,22.86,0.06786
1.9,0.6,-0.3,22.86,0.09429
1.9,0.6,0,22.86,0.09748
1.9,0.6,0.3,22.86,0.08845
1.9,0.6,0.75,22.86,0.05965
1.9,0.6,1.35,22.86,0.02376
1.9,0.6,2,22.86,0.0065
1.9,0.9,-2,32.31,0.00454
1.9,0.9,-1.35,32.31,0.01486
1.9,0.9,-0.75,32.31,0.03649
1.9,0.9,-0.3,32.31,0.04975
1.9,0.9,0,32.31,0.05144
1.9,0.9,0.3,32.31,0.04701
1.9,0.9,0.75,32.31,0.0321
1.9,0.9,1.35,32.31,0.01368
1.9,0.9,2,32.31,0.00486
1.9,1.4,-2,44.53,0.00289
1.9,1.4,-1.35,44.53,0.00478
1.9,1.4,-0.75,44.53,0.009
1.9,1.4,-0.3,44.53,0.01147
1.9,1.4,0,44.53,0.01178
1.9,1.4,0.3,44.53,0.01095
1.9,1.4,0.75,44.53,0.00811
1.9,1.4,1.35,44.53,0.00462
1.9,1.4,2,44.53,0.00332
1.9,2,-2,54.57,0.00228
1.9,2,-1.35,54.57,0.00201
1.9,2,-0.75,54.57,0.00206
1.9,2,-0.3,54.57,0.00215
1.9,2,0,54.57,0.00217
1.9,2,0.3,54.57,0.00217
1.9,2,0.75,54.57,0.00214
1.9,2,1.35,54.57,0.00229
1.9,2,2,54.57,0.00277
2.8,0,-2,0,0.01621
2.8,0,-1.35,0,0.03986
2.8,0,-0.75,0,0.06723
2.8,0,-0.3,0,0.08026
2.8,0,0,0,0.0819
2.8,0,0.3,0,0.07782
2.8,0,0.75,0,0.06275
2.8,0,1.35,0,0.03716
2.8,0,2,0,0.01555
2.8,0.1,-2,2.46,0.01612
2.8,0.1,-1.35,2.46,0.03963
2.8,0.1,-0.75,2.46,0.0668
2.8,0.1,-0.3,2.46,0.07971
2.8,0.1,0,2.46,0.08132
2.8,0.1,0.3,2.46,0.07726
2.8,0.1,0.75,2.46,0.06235
2.8,0.1,1.35,2.46,0.03693
2.8,0.1,2,2.46,0.01546
2.8,0.2,-2,4.92,0.01585
2.8,0.2,-1.35,4.92,0.03891
2.8,0.2,-0.75,4.92,0.06551
2.8,0.2,-0.3,4.92,0.07808
2.8,0.2,0,4.92,0.07959
2.8,0.2,0.3,4.92,0.07562
2.8,0.2,0.75,4.92,0.06115
2.8,0.2,1.35,4.92,0.03626
2.8,0.2,2,4.92,0.0152
2.8,0.36,-2,8.81,0.01508
2.8,0.36,-1.35,8.81,0.03686
2.8,0.36,-0.75,8.81,0.06181
2.8,0.36,-0.3,8.81,0.07337
2.8,0.36,0,8.81,0.07469
2.8,0.36,0.3,8.81,0.07105
2.8,0.36,0.75,8.81,0.05779
2.8,0.36,1.35,8.81,0.03432
2.8,0.36,2,8.81,0.01445
2.8,0.6,-2,14.48,0.01328
2.8,0.6,-1.35,14.48,0.03204
2.8,0.6,-0.75,14.48,0.0533
2.8,0.6,-0.3,14.48,0.06284
2.8,0.6,0,14.48,0.06419
2.8,0.6,0.3,14.48,0.06147
2.8,0.6,0.75,14.48,0.05019
2.8,0.6,1.35,14.48,0.02979
2.8,0.6,2,14.48,0.01269
2.8,0.9,-2,21.18,0.01039
2.8,0.9,-1.35,21.18,0.02447
2.8,0.9,-0.75,21.18,0.04028
2.8,0.9,-0.3,21.18,0.04761
2.8,0.9,0,21.18,0.04867
2.8,0.9,0.3,21.18,0.04651
2.8,0.9,0.75,21.18,0.03779
2.8,0.9,1.35,21.18,0.0227
2.8,0.9,2,21.18,0.00991
2.8,1.4,-2,31.08,0.00569
2.8,1.4,-1.35,31.08,0.01261
2.8,1.4,-0.75,31.08,0.02004
2.8,1.4,-0.3,31.08,0.02341
2.8,1.4,0,31.08,0.02387
2.8,1.4,0.3,31.08,0.02284
2.8,1.4,0.75,31.08,0.0188
2.8,1.4,1.35,31.08,0.01164
2.8,1.4,2,31.08,0.00543
2.8,2,-2,40.73,0.00225
2.8,2,-1.35,40.73,0.00427
2.8,2,-0.75,40.73,0.00635
2.8,2,-0.3,40.73,0.00728
2.8,2,0,40.73,0.00741
2.8,2,0.3,40.73,0.00712
2.8,2,0.75,40.73,0.00599
2.8,2,1.35,40.73,0.00396
2.8,2,2,40.73,0.00222
3.9,0,-2,0,0.01803
3.9,0,-1.35,0,0.02938
3.9,0,-0.75,0,0.03828
3.9,0,-0.3,0,0.04174
3.9,0,0,0,0.0424
3.9,0,0.3,0,0.04163
3.9,0,0.75,0,0.03737
3.9,0,1.35,0,0.02797
3.9,0,2,0,0.01738
3.9,0.1,-2,1.67,0.01797
3.9,0.1,-1.35,1.67,0.02929
3.9,0.1,-0.75,1.67,0.03816
3.9,0.1,-0.3,1.67,0.04162
3.9,0.1,0,1.67,0.04228
3.9,0.1,0.3,1.67,0.04151
3.9,0.1,0.75,1.67,0.03725
3.9,0.1,1.35,1.67,0.02788
3.9,0.1,2,1.67,0.01733
3.9,0.2,-2,3.34,0.01781
3.9,0.2,-1.35,3.34,0.02902
3.9,0.2,-0.75,3.34,0.0378
3.9,0.2,-0.3,3.34,0.04125
3.9,0.2,0,3.34,0.04192
3.9,0.2,0.3,3.34,0.04115
3.9,0.2,0.75,3.34,0.0369
3.9,0.2,1.35,3.34,0.02762
3.9,0.2,2,3.34,0.01718
3.9,0.36,-2,6,0.01735
3.9,0.36,-1.35,6,0.02822
3.9,0.36,-0.75,6,0.03675
3.9,0.36,-0.3,6,0.04016
3.9,0.36,0,6,0.04083
3.9,0.36,0.3,6,0.04006
3.9,0.36,0.75,6,0.03584
3.9,0.36,1.35,6,0.02686
3.9,0.36,2,6,0.01672
3.9,0.6,-2,9.94,0.01621
3.9,0.6,-1.35,9.94,0.02627
3.9,0.6,-0.75,9.94,0.03416
3.9,0.6,-0.3,9.94,0.03744
3.9,0.6,0,9.94,0.03802
3.9,0.6,0.3,9.94,0.03718
3.9,0.6,0.75,9.94,0.03323
3.9,0.6,1.35,9.94,0.02502
3.9,0.6,2,9.94,0.01561
3.9,0.9,-2,14.73,0.01421
3.9,0.9,-1.35,14.73,0.02291
3.9,0.9,-0.75,14.73,0.02962
3.9,0.9,-0.3,14.73,0.03236
3.9,0.9,0,14.73,0.03273
3.9,0.9,0.3,14.73,0.03196
3.9,0.9,0.75,14.73,0.02882
3.9,0.9,1.35,14.73,0.02178
3.9,0.9,2,14.73,0.01367
3.9,1.4,-2,22.24,0.01018
3.9,1.4,-1.35,22.24,0.01616
3.9,1.4,-0.75,22.24,0.02075
3.9,1.4,-0.3,22.24,0.02264
3.9,1.4,0,22.24,0.02292
3.9,1.4,0.3,22.24,0.0224
3.9,1.4,0.75,22.24,0.02018
3.9,1.4,1.35,22.24,0.01535
3.9,1.4,2,22.24,0.00975
3.9,2,-2,30.3,0.00573
3.9,2,-1.35,30.3,0.00887
3.9,2,-0.75,30.3,0.01122
3.9,2,-0.3,30.3,0.01217
3.9,2,0,30.3,0.01232
3.9,2,0.3,30.3,0.01207
3.9,2,0.75,30.3,0.01093
3.9,2,1.35,30.3,0.0084
3.9,2,2,30.3,0.00547
5,0,-2,0,0.01545
5,0,-1.35,0,0.02068
5,0,-0.75,0,0.02414
5,0,-0.3,0,0.02555
5,0,0,0,0.02575
5,0,0.3,0,0.02538
5,0,0.75,0,0.02385
5,0,1.35,0,0.02009
5,0,2,0,0.01499
5,0.1,-2,1.27,0.01542
5,0.1,-1.35,1.27,0.02064
5,0.1,-0.75,1.27,0.0241
5,0.1,-0.3,1.27,0.02549
5,0.1,0,1.27,0.0257
5,0.1,0.3,1.27,0.02533
5,0.1,0.75,1.27,0.02381
5,0.1,1.35,1.27,0.02005
5,0.1,2,1.27,0.01496
5,0.2,-2,2.53,0.01533
5,0.2,-1.35,2.53,0.02053
5,0.2,-0.75,2.53,0.02396
5,0.2,-0.3,2.53,0.02534
5,0.2,0,2.53,0.02555
5,0.2,0.3,2.53,0.02518
5,0.2,0.75,2.53,0.02368
5,0.2,1.35,2.53,0.01994
5,0.2,2,2.53,0.01488
5,0.36,-2,4.55,0.01509
5,0.36,-1.35,4.55,0.02019
5,0.36,-0.75,4.55,0.02355
5,0.36,-0.3,4.55,0.0249
5,0.36,0,4.55,0.0251
5,0.36,0.3,4.55,0.02475
5,0.36,0.75,4.55,0.0233
5,0.36,1.35,4.55,0.01961
5,0.36,2,4.55,0.01464
5,0.6,-2,7.56,0.01448
5,0.6,-1.35,7.56,0.01936
5,0.6,-0.75,7.56,0.02257
5,0.6,-0.3,7.56,0.02383
5,0.6,0,7.56,0.02403
5,0.6,0.3,7.56,0.02374
5,0.6,0.75,7.56,0.02236
5,0.6,1.35,7.56,0.01878
5,0.6,2,7.56,0.01404
5,0.9,-2,11.25,0.01336
5,0.9,-1.35,11.25,0.01782
5,0.9,-0.75,11.25,0.02079
5,0.9,-0.3,11.25,0.02195
5,0.9,0,11.25,0.02218
5,0.9,0.3,11.25,0.02195
5,0.9,0.75,11.25,0.02058
5,0.9,1.35,11.25,0.01726
5,0.9,2,11.25,0.01294
5,1.4,-2,17.2,0.01087
5,1.4,-1.35,17.2,0.01442
5,1.4,-0.75,17.2,0.01676
5,1.4,-0.3,17.2,0.01769
5,1.4,0,17.2,0.01784
5,1.4,0.3,17.2,0.01761
5,1.4,0.75,17.2,0.01658
5,1.4,1.35,17.2,0.01398
5,1.4,2,17.2,0.01051
5,2,-2,23.85,0.00759
5,2,-1.35,23.85,0.00996
5,2,-0.75,23.85,0.01154
5,2,-0.3,23.85,0.01216
5,2,0,23.85,0.01227
5,2,0.3,23.85,0.01213
5,2,0.75,23.85,0.01141
5,2,1.35,23.85,0.00965
5,2,2,23.85,0.00731
